fn,label
402-350-N278-WW-1_2019-05-23_10-53-02.589_Vis_SV_180.Crp.jpg,4
402-341-N269-WW-1_2019-05-17_10-55-44.216_Vis_SV_324.Crp.jpg,4
402-425-N353-WW-2_2019-05-21_13-47-46.430_Vis_SV_252.Crp.jpg,4
402-502-N430-WW-2_2019-05-29_16-57-31.649_Vis_SV_252.Crp.jpg,4
402-426-N354-WW-2_2019-05-21_13-48-12.156_Vis_SV_0.Crp.jpg,4
402-122-N50-WW-1_2019-05-08_09-41-26.777_Vis_SV_252.Crp.jpg,4
402-190-N118-WW-1_2019-05-06_17-07-04.099_Vis_SV_108.Crp.jpg,4
402-333-N261-WW-1_2019-05-23_10-24-04.172_Vis_SV_288.Crp.jpg,4
402-344-N272-WW-1_2019-05-04_07-02-41.713_Vis_SV_288.Crp.jpg,4
402-497-N425-WW-2_2019-05-21_15-50-05.772_Vis_SV_252.Crp.jpg,4
402-393-N321-WW-2_2019-05-07_09-05-12.645_Vis_SV_288.Crp.jpg,4
402-346-N274-WW-1_2019-05-23_10-46-13.106_Vis_SV_72.Crp.jpg,4
402-344-N272-WW-1_2019-05-11_08-26-06.357_Vis_SV_324.Crp.jpg,4
402-588-N516-WW-2_2019-05-13_19-19-26.820_Vis_SV_324.Crp.jpg,4
402-419-N347-WW-2_2019-05-21_13-31-36.209_Vis_SV_36.Crp.jpg,4
402-382-N310-WW-2_2019-05-13_10-07-42.338_Vis_SV_0.Crp.jpg,4
402-226-N154-WW-1_2019-05-10_13-42-18.512_Vis_SV_0.Crp.jpg,4
402-110-N38-WW-1_2019-05-10_08-32-42.188_Vis_SV_144.Crp.jpg,4
402-380-N308-WW-2_2019-05-04_08-42-50.224_Vis_SV_144.Crp.jpg,4
402-426-N354-WW-2_2019-05-04_10-53-15.856_Vis_SV_108.Crp.jpg,4
402-425-N353-WW-2_2019-05-27_13-34-22.743_Vis_SV_216.Crp.jpg,5
402-383-N311-WW-2_2019-05-07_08-38-31.528_Vis_SV_108.Crp.jpg,5
402-291-N219-WW-1_2019-05-09_22-19-42.658_Vis_SV_252.Crp.jpg,5
402-227-N155-WW-1_2019-05-08_15-56-59.124_Vis_SV_288.Crp.jpg,5
402-113-N41-WW-1_2019-05-08_09-17-18.232_Vis_SV_252.Crp.jpg,5
402-380-N308-WW-2_2019-05-23_11-44-07.446_Vis_SV_72.Crp.jpg,5
402-102-N30-WW-1_2019-05-02_11-12-27.990_Vis_SV_288.Crp.jpg,5
402-422-N350-WW-2_2019-05-23_12-55-39.378_Vis_SV_36.Crp.jpg,5
402-110-N38-WW-1_2019-05-18_10-31-59.067_Vis_SV_288.Crp.jpg,5
402-409-N337-WW-2_2019-05-23_12-33-31.034_Vis_SV_36.Crp.jpg,5
402-180-N108-WW-1_2019-05-26_13-39-20.397_Vis_SV_216.Crp.jpg,5
402-393-N321-WW-2_2019-05-04_09-18-59.974_Vis_SV_288.Crp.jpg,5
402-074-N2-WW-1_2019-05-12_05-15-10.087_Vis_SV_324.Crp.jpg,5
402-218-N146-WW-1_2019-05-06_18-21-50.633_Vis_SV_288.Crp.jpg,5
402-074-N2-WW-1_2019-05-10_05-15-12.364_Vis_SV_144.Crp.jpg,5
402-353-N281-WW-1_2019-05-07_07-18-29.848_Vis_SV_72.Crp.jpg,5
402-419-N347-WW-2_2019-05-27_13-24-09.617_Vis_SV_252.Crp.jpg,5
402-101-N29-WW-1_2019-05-08_08-45-10.305_Vis_SV_108.Crp.jpg,5
81-120-B73_2018-08-20_04-15-03_Vis_SV_324.Crp.jpg,5
402-406-N334-WW-2_2019-05-11_11-11-27.726_Vis_SV_288.Crp.jpg,5
402-480-N408-WW-2_2019-05-07_12-57-33.227_Vis_SV_288.Crp.jpg,6
402-463-N391-WW-2_2019-05-09_12-12-52.321_Vis_SV_108.Crp.jpg,6
81-021-NC302_2018-08-29_05-42-39_Vis_SV_216.Crp.jpg,6
402-333-N261-WW-1_2019-05-31_08-20-43.005_Vis_SV_72.Crp.jpg,6
402-224-N152-WW-1_2019-05-06_18-37-51.373_Vis_SV_108.Crp.jpg,6
402-247-N175-WW-1_2019-05-02_17-55-53.496_Vis_SV_72.Crp.jpg,6
81-124-B46_2018-08-20_04-24-08_Vis_SV_288.Crp.jpg,6
402-216-N144-WW-1_2019-05-16_15-16-52.482_Vis_SV_324.Crp.jpg,6
402-235-N163-WW-1_2019-05-02_17-22-30.045_Vis_SV_324.Crp.jpg,6
402-557-N485-WW-2_2019-05-07_16-23-25.757_Vis_SV_180.Crp.jpg,6
402-216-N144-WW-1_2019-05-20_11-06-34.996_Vis_SV_108.Crp.jpg,6
402-415-N343-WW-2_2019-05-15_11-07-00.669_Vis_SV_0.Crp.jpg,6
402-447-N375-WW-2_2019-05-17_16-02-40.561_Vis_SV_288.Crp.jpg,6
402-385-N313-WW-2_2019-05-07_08-43-51.830_Vis_SV_324.Crp.jpg,6
402-115-N43-WW-1_2019-05-12_08-46-10.813_Vis_SV_144.Crp.jpg,6
81-062-Guerrero 1_2018-08-22_07-17-40_Vis_SV_288.Crp.jpg,6
402-538-N466-WW-2_2019-05-04_15-51-44.214_Vis_SV_252.Crp.jpg,6
81-041-NC258_2018-08-20_06-32-38_Vis_SV_72.Crp.jpg,6
402-459-N387-WW-2_2019-05-17_16-35-11.846_Vis_SV_288.Crp.jpg,6
402-401-N329-WW-2_2019-05-13_10-58-23.539_Vis_SV_180.Crp.jpg,6
81-080-F7_2018-09-09_07-36-37_Vis_SV_0.Crp.jpg,7
402-188-N116-WW-1_2019-05-05_13-01-05.389_Vis_SV_108.Crp.jpg,7
81-011-NC346_2018-08-20_05-25-17_Vis_SV_288.Crp.jpg,7
402-670-N598-WW-2_2019-05-04_21-44-01.522_Vis_SV_324.Crp.jpg,7
402-405-N333-WW-2_2019-05-17_14-10-32.935_Vis_SV_288.Crp.jpg,7
402-385-N313-WW-2_2019-05-11_10-15-26.205_Vis_SV_180.Crp.jpg,7
402-232-N160-WW-1_2019-05-08_16-10-19.092_Vis_SV_324.Crp.jpg,7
402-179-N107-WW-1_2019-05-22_12-25-38.085_Vis_SV_288.Crp.jpg,7
402-197-N125-WW-1_2019-05-16_14-26-09.684_Vis_SV_288.Crp.jpg,7
402-183-N111-WW-1_2019-05-02_14-57-54.658_Vis_SV_72.Crp.jpg,7
402-238-N166-WW-1_2019-05-02_17-30-50.759_Vis_SV_108.Crp.jpg,7
402-239-N167-WW-1_2019-05-06_19-17-54.754_Vis_SV_108.Crp.jpg,7
402-148-N76-WW-1_2019-05-18_12-13-22.475_Vis_SV_324.Crp.jpg,7
402-219-N147-WW-1_2019-05-12_13-24-01.281_Vis_SV_180.Crp.jpg,7
402-574-N502-WW-2_2019-05-23_21-04-05.214_Vis_SV_252.Crp.jpg,7
402-114-N42-WW-1_2019-05-22_10-35-00.085_Vis_SV_252.Crp.jpg,7
81-137-NC330_2018-08-21_07-01-40_Vis_SV_108.Crp.jpg,7
402-210-N138-WW-1_2019-05-05_13-59-48.045_Vis_SV_288.Crp.jpg,7
402-264-N192-WW-1_2019-05-10_15-23-47.145_Vis_SV_324.Crp.jpg,7
81-130-CML5_2018-08-20_04-37-46_Vis_SV_216.Crp.jpg,7
81-049-Hidalgo 39_2018-08-22_06-48-54_Vis_SV_108.Crp.jpg,8
402-184-N112-WW-1_2019-05-08_12-27-02.910_Vis_SV_288.Crp.jpg,8
81-201-B105_2018-08-21_09-40-45_Vis_SV_324.Crp.jpg,8
402-off-011_2019-05-22_07-47-44.370_Vis_SV_288.Crp.jpg,8
402-636-N564-WW-2_2019-05-13_21-46-27.587_Vis_SV_36.Crp.jpg,8
402-483-N411-WW-2_2019-05-11_15-57-54.531_Vis_SV_108.Crp.jpg,8
81-244-EP1_2018-09-11_09-39-48_Vis_SV_216.Crp.jpg,8
402-162-N90-WW-1_2019-05-10_10-51-30.289_Vis_SV_252.Crp.jpg,8
81-010-CML238_2018-08-24_05-23-28_Vis_SV_72.Crp.jpg,8
81-193-M37W_2018-08-27_12-27-28_Vis_SV_252.Crp.jpg,8
402-179-N107-WW-1_2019-05-24_13-39-40.180_Vis_SV_108.Crp.jpg,8
402-357-N285-WW-1_2019-05-04_07-38-52.670_Vis_SV_324.Crp.jpg,8
402-604-N532-WW-2_2019-05-04_18-47-43.899_Vis_SV_72.Crp.jpg,8
402-107-N35-WW-1_2019-06-01_08-53-51.882_Vis_SV_180.Crp.jpg,8
81-254-M162W_2018-08-21_11-39-59_Vis_SV_108.Crp.jpg,8
81-065-Coahuila 56_2018-08-22_07-24-20_Vis_SV_108.Crp.jpg,8
402-off-036_2019-05-16_07-36-35.054_Vis_SV_288.Crp.jpg,8
402-343-N271-WW-1_2019-05-29_08-37-52.226_Vis_SV_216.Crp.jpg,8
402-113-N41-WW-1_2019-05-02_11-43-02.792_Vis_SV_252.Crp.jpg,8
402-286-N214-WW-1_2019-05-07_04-19-33.015_Vis_SV_252.Crp.jpg,8
402-598-N526-WW-2_2019-05-08_05-32-19.448_Vis_SV_108.Crp.jpg,9
81-049-Hidalgo 39_2018-08-27_06-53-24_Vis_SV_288.Crp.jpg,9
402-073-N1-WW-1_2019-05-05_07-53-44.298_Vis_SV_108.Crp.jpg,9
402-288-N216-WW-1_2019-05-04_04-26-58.651_Vis_SV_108.Crp.jpg,9
81-190-A680_2018-08-24_12-20-32_Vis_SV_108.Crp.jpg,9
402-337-N265-WW-1_2019-05-17_10-41-47.063_Vis_SV_144.Crp.jpg,9
402-250-N178-WW-1_2019-05-30_11-57-44.340_Vis_SV_72.Crp.jpg,9
81-096-NC298_2018-08-29_08-08-56_Vis_SV_144.Crp.jpg,9
81-244-EP1_2018-08-26_02-24-42_Vis_SV_252.Crp.jpg,9
402-448-N376-WW-2_2019-05-27_16-05-34.111_Vis_SV_144.Crp.jpg,9
81-010-CML238_2018-08-31_05-21-13_Vis_SV_252.Crp.jpg,9
402-364-N292-WW-1_2019-05-11_09-19-27.044_Vis_SV_216.Crp.jpg,9
402-562-N490-WW-2_2019-05-09_16-37-16.685_Vis_SV_288.Crp.jpg,9
402-520-N448-WW-2_2019-05-21_16-29-52.774_Vis_SV_144.Crp.jpg,9
402-288-N216-WW-1_2019-05-27_05-33-52.972_Vis_SV_72.Crp.jpg,9
402-612-N540-WW-2_2019-05-17_23-23-37.855_Vis_SV_108.Crp.jpg,9
81-029-A659_2018-09-19_10-27-07_Vis_SV_72.Crp.jpg,9
402-589-N517-WW-2_2019-05-15_19-37-15.612_Vis_SV_36.Crp.jpg,9
402-118-N46-WW-1_2019-05-10_08-54-04.164_Vis_SV_324.Crp.jpg,9
402-off-025_2019-05-16_07-07-12.992_Vis_SV_288.Crp.jpg,9
402-079-N7-WW-1_2019-05-30_07-06-09.711_Vis_SV_108.Crp.jpg,10
402-396-N324-WW-2_2019-05-17_13-19-27.145_Vis_SV_288.Crp.jpg,10
81-122-C49A_2018-09-19_01-30-50_Vis_SV_108.Crp.jpg,10
402-450-N378-WW-2_2019-05-29_15-26-44.418_Vis_SV_252.Crp.jpg,10
402-467-N395-WW-2_2019-05-17_16-56-34.170_Vis_SV_288.Crp.jpg,10
81-113-IVB 15_2018-08-24_09-21-36_Vis_SV_144.Crp.jpg,10
402-079-N7-WW-1_2019-06-03_05-25-39.477_Vis_SV_252.Crp.jpg,10
402-352-N280-WW-1_2019-05-29_12-39-42.883_Vis_SV_252.Crp.jpg,10
402-off-071_2019-05-20_16-15-12.656_Vis_SV_108.Crp.jpg,10
81-010-CML238_2018-09-07_05-21-06_Vis_SV_108.Crp.jpg,10
81-197-W153R_2018-09-07_11-23-44_Vis_SV_252.Crp.jpg,10
81-203-4226_2018-08-31_02-17-09_Vis_SV_288.Crp.jpg,10
81-160-B109_2018-08-29_10-15-05_Vis_SV_324.Crp.jpg,10
402-305-N233-WW-1_2019-05-13_05-10-07.235_Vis_SV_288.Crp.jpg,10
402-248-N176-WW-1_2019-05-22_14-23-01.965_Vis_SV_180.Crp.jpg,10
402-off-023_2019-05-22_08-08-12.509_Vis_SV_288.Crp.jpg,10
402-115-N43-WW-1_2019-05-28_08-40-59.034_Vis_SV_324.Crp.jpg,10
81-224-NC320_2018-09-03_12-19-27_Vis_SV_324.Crp.jpg,10
402-202-N130-WW-1_2019-05-16_14-39-30.683_Vis_SV_144.Crp.jpg,10
81-071-Mo24W_2018-09-07_07-19-13_Vis_SV_108.Crp.jpg,10
81-017-Oh43E_2018-09-07_05-34-39_Vis_SV_252.Crp.jpg,11
402-079-N7-WW-1_2019-05-26_06-22-39.654_Vis_SV_108.Crp.jpg,11
81-139-B84_2018-09-12_09-29-40_Vis_SV_108.Crp.jpg,11
81-161-Mt42_2018-09-09_01-16-18_Vis_SV_288.Crp.jpg,11
81-154-W22_2018-09-19_02-59-54_Vis_SV_0.Crp.jpg,11
81-112-NC334_2018-08-31_08-39-32_Vis_SV_108.Crp.jpg,11
402-490-N418-WW-2_2019-05-17_17-57-55.680_Vis_SV_180.Crp.jpg,11
402-670-N598-WW-2_2019-05-24_07-21-51.109_Vis_SV_108.Crp.jpg,11
402-325-N253-WW-1_2019-05-17_10-17-46.011_Vis_SV_108.Crp.jpg,11
81-201-B105_2018-09-02_08-08-08_Vis_SV_288.Crp.jpg,11
402-300-N228-WW-1_2019-05-31_07-24-29.206_Vis_SV_252.Crp.jpg,11
402-292-N220-WW-1_2019-05-23_09-14-20.452_Vis_SV_72.Crp.jpg,11
402-173-N101-WW-1_2019-05-30_09-46-31.957_Vis_SV_108.Crp.jpg,11
402-230-N158-WW-1_2019-05-30_11-23-39.713_Vis_SV_36.Crp.jpg,11
402-073-N1-WW-1_2019-05-22_09-23-39.559_Vis_SV_288.Crp.jpg,11
402-241-N169-WW-1_2019-05-16_16-23-28.462_Vis_SV_252.Crp.jpg,11
402-306-N234-WW-1_2019-05-25_04-51-33.065_Vis_SV_144.Crp.jpg,11
402-505-N433-WW-2_2019-05-07_14-04-22.205_Vis_SV_288.Crp.jpg,11
402-220-N148-WW-1_2019-05-20_11-17-17.245_Vis_SV_324.Crp.jpg,11
402-106-N34-WW-1_2019-05-26_07-08-43.194_Vis_SV_288.Crp.jpg,11
402-336-N264-WW-1_2019-05-27_10-59-31.809_Vis_SV_252.Crp.jpg,12
402-636-N564-WW-2_2019-05-27_23-11-26.498_Vis_SV_144.Crp.jpg,12
81-096-NC298_2018-09-05_08-07-34_Vis_SV_108.Crp.jpg,12
81-025-CML314_2018-09-10_10-55-18_Vis_SV_180.Crp.jpg,12
402-077-N5-WW-1_2019-05-22_05-22-15.329_Vis_SV_324.Crp.jpg,12
402-138-N66-WW-1_2019-05-28_09-20-25.625_Vis_SV_324.Crp.jpg,12
81-044-Pa91_2018-10-01_06-36-53_Vis_SV_288.Crp.jpg,12
402-435-N363-WW-2_2019-05-23_13-17-46.882_Vis_SV_288.Crp.jpg,12
81-270-B64_2018-09-11_10-30-48_Vis_SV_288.Crp.jpg,12
402-557-N485-WW-2_2019-05-25_13-13-31.491_Vis_SV_108.Crp.jpg,12
402-282-N210-WW-1_2019-05-31_06-52-04.716_Vis_SV_252.Crp.jpg,12
402-097-N25-WW-1_2019-05-24_11-20-06.817_Vis_SV_144.Crp.jpg,12
402-232-N160-WW-1_2019-05-24_15-10-01.573_Vis_SV_72.Crp.jpg,12
402-off-025_2019-05-28_06-47-08.376_Vis_SV_288.Crp.jpg,12
81-259-NC316_2018-09-03_01-27-42_Vis_SV_324.Crp.jpg,12
81-068-B75_2018-09-19_11-43-49_Vis_SV_252.Crp.jpg,12
402-637-N565-WW-2_2019-05-25_18-18-34.617_Vis_SV_324.Crp.jpg,12
402-307-N235-WW-1_2019-05-23_09-39-52.030_Vis_SV_324.Crp.jpg,12
81-065-Coahuila 56_2018-09-05_07-07-25_Vis_SV_72.Crp.jpg,12
402-503-N431-WW-2_2019-05-25_11-41-37.512_Vis_SV_108.Crp.jpg,12
402-087-N15-WW-1_2019-05-24_11-03-05.634_Vis_SV_252.Crp.jpg,13
402-295-N223-WW-1_2019-05-27_04-38-50.236_Vis_SV_108.Crp.jpg,13
81-204-CML52_2018-09-14_06-41-05_Vis_SV_324.Crp.jpg,13
81-161-Mt42_2018-08-31_10-16-18_Vis_SV_324.Crp.jpg,13
81-007-CML158Q_2018-09-14_12-18-54_Vis_SV_72.Crp.jpg,13
81-242-A214N_2018-09-11_09-35-47_Vis_SV_252.Crp.jpg,13
402-327-N255-WW-1_2019-05-29_08-10-38.035_Vis_SV_216.Crp.jpg,13
81-049-Hidalgo 39_2018-09-02_03-10-53_Vis_SV_324.Crp.jpg,13
81-236-A634_2018-10-01_03-56-28_Vis_SV_0.Crp.jpg,13
81-251-T8_2018-09-12_03-40-15_Vis_SV_252.Crp.jpg,13
402-327-N255-WW-1_2019-05-29_08-10-38.035_Vis_SV_252.Crp.jpg,13
402-327-N255-WW-1_2019-05-29_11-57-07.008_Vis_SV_252.Crp.jpg,13
81-216-NC336_2018-10-01_02-56-32_Vis_SV_144.Crp.jpg,13
81-236-A634_2018-09-09_07-00-22_Vis_SV_108.Crp.jpg,13
81-139-B84_2018-09-25_11-07-35_Vis_SV_0.Crp.jpg,13
81-093-CM105_2018-09-03_08-03-03_Vis_SV_288.Crp.jpg,13
81-060-CM174_2018-09-21_07-59-31_Vis_SV_288.Crp.jpg,13
402-264-N192-WW-1_2019-05-22_14-51-24.950_Vis_SV_180.Crp.jpg,13
402-608-N536-WW-2_2019-05-17_23-12-56.263_Vis_SV_108.Crp.jpg,13
81-236-A634_2018-09-28_05-20-14_Vis_SV_0.Crp.jpg,13
402-201-N129-WW-1_2019-05-20_10-26-37.953_Vis_SV_288.Crp.jpg,14
402-578-N506-WW-2_2019-05-27_21-32-13.797_Vis_SV_324.Crp.jpg,14
402-293-N221-WW-1_2019-05-29_06-36-26.947_Vis_SV_252.Crp.jpg,14
402-317-N245-WW-1_2019-05-29_07-53-37.338_Vis_SV_72.Crp.jpg,14
402-234-N162-WW-1_2019-06-03_08-57-06.463_Vis_SV_180.Crp.jpg,14
402-338-N266-WW-1_2019-05-29_08-29-21.850_Vis_SV_108.Crp.jpg,14
402-293-N221-WW-1_2019-05-29_06-36-26.947_Vis_SV_108.Crp.jpg,14
402-396-N324-WW-2_2019-05-29_13-54-41.993_Vis_SV_252.Crp.jpg,14
402-213-N141-WW-1_2019-06-03_08-03-59.000_Vis_SV_252.Crp.jpg,14
402-614-N542-WW-2_2019-05-17_23-28-59.029_Vis_SV_144.Crp.jpg,14
81-034-Pa875_2018-09-24_12-10-36_Vis_SV_0.Crp.jpg,14
402-286-N214-WW-1_2019-05-31_07-00-37.400_Vis_SV_144.Crp.jpg,14
402-282-N210-WW-1_2019-05-29_05-08-52.662_Vis_SV_252.Crp.jpg,14
81-251-T8_2018-09-09_07-29-47_Vis_SV_288.Crp.jpg,14
402-505-N433-WW-2_2019-05-25_11-45-01.438_Vis_SV_180.Crp.jpg,14
402-414-N342-WW-2_2019-05-29_14-25-23.928_Vis_SV_108.Crp.jpg,14
81-061-NC368_2018-09-16_02-40-15_Vis_SV_252.Crp.jpg,14
81-103-Ki11_2018-09-10_01-26-49_Vis_SV_108.Crp.jpg,14
402-671-N599-WW-2_2019-05-31_15-37-04.709_Vis_SV_252.Crp.jpg,14
81-216-NC336_2018-09-18_07-44-55_Vis_SV_144.Crp.jpg,14
81-070-B104_2018-09-16_02-58-00_Vis_SV_72.Crp.jpg,15
81-202-Va35_2018-09-25_03-32-41_Vis_SV_0.Crp.jpg,15
81-060-CM174_2018-09-14_02-02-28_Vis_SV_252.Crp.jpg,15
81-046-B14A_2018-09-12_06-30-15_Vis_SV_144.Crp.jpg,15
81-034-Pa875_2018-10-01_06-17-13_Vis_SV_180.Crp.jpg,15
81-090-Tzi11_2018-10-01_08-18-11_Vis_SV_144.Crp.jpg,15
81-202-Va35_2018-09-25_03-32-41_Vis_SV_180.Crp.jpg,15
81-226-NC356_2018-10-08_01-57-22_Vis_SV_0.Crp.jpg,15
81-201-B105_2018-09-21_03-46-02_Vis_SV_324.Crp.jpg,15
402-414-N342-WW-2_2019-05-27_13-15-38.349_Vis_SV_252.Crp.jpg,15
402-396-N324-WW-2_2019-05-31_11-21-00.987_Vis_SV_108.Crp.jpg,15
81-041-NC258_2018-09-24_12-37-08_Vis_SV_144.Crp.jpg,15
402-096-N24-WW-1_2019-05-30_07-35-10.581_Vis_SV_144.Crp.jpg,15
81-037-K4_2018-10-01_06-23-07_Vis_SV_144.Crp.jpg,15
81-204-CML52_2018-10-01_01-43-24_Vis_SV_0.Crp.jpg,15
402-312-N240-WW-1_2019-05-29_11-31-33.602_Vis_SV_72.Crp.jpg,15
81-034-Pa875_2018-10-01_06-17-13_Vis_SV_0.Crp.jpg,15
402-614-N542-WW-2_2019-05-25_17-39-25.328_Vis_SV_324.Crp.jpg,15
402-664-N592-WW-2_2019-05-31_15-24-02.671_Vis_SV_288.Crp.jpg,15
81-055-CML103_2018-09-16_02-28-24_Vis_SV_288.Crp.jpg,15
